showTheSituation,2020-04-28 08:44:04 PM
buyPlayerType,2020-04-28 08:44:04 PM
showTheChosenOne,2020-04-28 08:44:04 PM
addPlayerAWeaponType,2020-04-28 08:44:04 PM
buyGuns,2020-04-28 08:44:04 PM
showTheSituation,2020-04-28 08:44:06 PM
buyPlayerType,2020-04-28 08:44:06 PM
showTheChosenOne,2020-04-28 08:44:06 PM
addPlayerAWeaponType,2020-04-28 08:44:06 PM
buyGuns,2020-04-28 08:44:06 PM
showTheSituation,2020-04-28 08:44:08 PM
buyPlayerType,2020-04-28 08:44:08 PM
showTheChosenOne,2020-04-28 08:44:08 PM
addPlayerAWeaponType,2020-04-28 08:44:08 PM
buyGuns,2020-04-28 08:44:08 PM
showTheSituation,2020-04-28 08:44:10 PM
buyPlayerType,2020-04-28 08:44:10 PM
showTheChosenOne,2020-04-28 08:44:10 PM
addPlayerAWeaponType,2020-04-28 08:44:10 PM
buyGuns,2020-04-28 08:44:10 PM
showTheSituation,2020-04-28 08:44:57 PM
buyPlayerType,2020-04-28 08:45:01 PM
showTheChosenOne,2020-04-28 08:45:01 PM
addPlayerAWeaponType,2020-04-28 08:45:03 PM
buyGuns,2020-04-28 08:45:03 PM
showTheSituation,2020-04-28 08:45:31 PM
buyPlayerType,2020-04-28 08:45:35 PM
showTheChosenOne,2020-04-28 08:45:35 PM
addPlayerAWeaponType,2020-04-28 08:45:37 PM
buyGuns,2020-04-28 08:45:37 PM
showTheSituation,2020-04-28 08:46:05 PM
buyPlayerType,2020-04-28 08:46:09 PM
showTheChosenOne,2020-04-28 08:46:09 PM
addPlayerAWeaponType,2020-04-28 08:46:11 PM
buyGuns,2020-04-28 08:46:11 PM
showTheSituation,2020-04-28 08:46:39 PM
buyPlayerType,2020-04-28 08:46:43 PM
showTheChosenOne,2020-04-28 08:46:43 PM
addPlayerAWeaponType,2020-04-28 08:46:45 PM
buyGuns,2020-04-28 08:46:45 PM
showTheSituation,2020-04-28 08:57:14 PM
buyPlayerType,2020-04-28 08:57:18 PM
showTheChosenOne,2020-04-28 08:57:18 PM
addPlayerAWeaponType,2020-04-28 08:57:20 PM
buyGuns,2020-04-28 08:57:20 PM
showTheSituation,2020-04-28 08:57:48 PM
buyPlayerType,2020-04-28 08:57:52 PM
showTheChosenOne,2020-04-28 08:57:52 PM
addPlayerAWeaponType,2020-04-28 08:57:54 PM
buyGuns,2020-04-28 08:57:54 PM
showTheSituation,2020-04-28 08:58:22 PM
buyPlayerType,2020-04-28 08:58:26 PM
showTheChosenOne,2020-04-28 08:58:26 PM
addPlayerAWeaponType,2020-04-28 08:58:28 PM
buyGuns,2020-04-28 08:58:28 PM
showTheSituation,2020-04-28 08:58:56 PM
buyPlayerType,2020-04-28 08:59:00 PM
showTheChosenOne,2020-04-28 08:59:00 PM
addPlayerAWeaponType,2020-04-28 08:59:02 PM
buyGuns,2020-04-28 08:59:02 PM
